,Score_Tutorial,Shooting_Accuracy,Dificultad_Sugerida
0,-3.1991772051772327,-0.6994999187146937,-196.3223289112314
1,-1.458311284815062,0.04214185658012433,-48.32262491880439
2,0.19179707517615618,-0.21685204698334756,-20.148673650320088
3,0.30195211436103414,0.8488009550107738,88.01243386207034
4,0.6805482788299796,-0.46537846860183457,-13.81677435747092
5,0.33995814029995086,-0.1337997632489087,2.9845378797175695
6,-0.8138513456251407,0.5700399759282998,16.308647858357062
7,1.3196322688576128,-1.731181738663938,-108.03009465032682
8,2.175284418997059,1.6213362974460674,242.4005579917401
9,0.48283430752595674,0.9805148591142199,116.05955932595458
10,-0.48760789636622526,-0.18056040174648383,-31.198048139645984
11,0.30803608410308847,0.30314711939517563,38.828099969198924
12,-0.5101174284306321,-0.16296831076930116,-39.59414361377314
13,-1.6872971133713912,-0.6447667265556787,-122.7669391788094
14,-0.1380232681174153,0.5107118083913338,39.25734211588619
15,-0.8271509442007129,0.48337390275461223,8.335489993567919
16,0.10752878098965918,-2.133307433255844,-199.94683945530295
17,1.1297163777637624,-0.2866291350721898,15.02447032594349
18,0.24831783037049032,-2.2147089502157766,-202.52317439151355
19,-0.3331428117394009,0.46344557942542985,23.068135510134585
20,1.4226784062632432,0.6386217745385255,121.40303191717253
21,-0.31803683320915516,-1.0159829719514928,-103.41541122198743
22,0.22604675326140225,0.007266570170188433,7.286118001025898
23,1.767980648640269,-0.0771899662370342,58.44487783049423
24,0.20861556711686513,-0.7048874581369449,-56.93362088058143
25,-0.4459836441460831,-0.6974427535581498,-72.93661036736447
26,-0.35919216031155476,0.9222383214457766,75.23568683370335
27,-1.3049536281379748,-0.21183512661676165,-70.61996674605412
28,-0.09960262589178663,-0.6651331360700519,-67.53972796707536
29,0.04480193770415754,-1.3585075138300207,-130.58762231041035
30,0.27845942397853995,0.9777266865867571,104.61353669915418
31,1.7540960005535182,-0.8211742391899188,-9.5874999127331
32,-0.8959503367325151,0.4759464490603566,13.06356799290323
33,-0.7656480141078531,1.0389401799527054,64.88076532052075
34,2.204470397277279,0.7150873255126973,158.86662193193263
35,-1.1561447163941387,1.2930398737486357,78.20316934979832
36,-0.4272568907518376,-1.3766180599798135,-144.2366472421489
37,0.46286752247912333,2.240583639128286,235.10540063502876
38,0.472766880188215,-0.021034251961961407,8.579387871219783
39,2.8203264878526464,-0.06925711229661649,105.72912165133283
40,-1.1398461417375654,-1.9387412378618585,-227.84028479088838
41,0.450899228893455,0.058876026177616204,22.02718668599615
42,0.3914602931370565,-0.41095346743730077,-27.845640375826697
43,1.9875482753235365,-1.133582688846391,-22.2576254304106
44,1.009035975137504,-1.4936191311428693,-108.80888552005507
45,-0.7223214902111872,-1.605121859684761,-187.1219643434525
46,1.2321803571105767,-1.947905526588147,-138.52020887259815
47,0.6343693985133595,0.2826612831590302,55.21541025062821
48,0.7652662802403082,-0.18594179407657216,14.072168391511928
49,-0.7745254041725185,0.010719214211976621,-33.29795767588589
50,-0.9998460638744178,-2.2024554041885183,-248.26347555457212
51,-0.33599677812254,1.1443608943174552,91.90824587325469
52,0.3460493211329388,-0.3900844715856316,-22.259194876975137
53,-0.2822698841073253,-0.02154371917517624,-9.463012406823234
54,1.2472247713183287,-1.1013545779208316,-60.56849195906245
55,0.2606918558875908,-1.7512963297410618,-156.0321232894065
56,-0.13894291374467307,2.163140741394626,201.13599558901112
57,0.3484319125147801,-2.2922037734001877,-209.5177912952155
58,0.36600708745788946,0.5285158218811811,71.67216586839567
59,0.8720609626818396,0.5195947801495172,91.3891092486091
60,1.076275726543165,2.0470167304407036,236.13356925239682
61,-0.1553173908799124,0.9616624658015894,76.7403631531984
62,-0.6899516235072953,-0.6309798219671882,-91.15847908200267
63,0.185495784205533,0.37875833872934656,38.97613271937683
64,-1.660361336688823,1.1830606590292965,47.21187804307488
65,1.1319872744061636,0.2577690205564929,72.42680231405195
66,-0.04436867151287793,2.0113503083058735,190.85445268271596
67,0.47616903412987127,-0.8592165344267776,-64.65553217050723
68,1.7450098197687005,1.6383287084992635,226.78089179677022
69,0.10578333920441196,-0.025103044197082744,-0.6341044481027698
70,-1.1216209645322115,0.6838148476442534,16.418386518020878
71,1.4791723760187359,-1.5426604507918449,-81.4201533612055
72,0.8184973840285359,0.24205278771915212,63.64366514371709
73,-0.9914919134469596,0.47975319565633023,7.330827431917441
74,0.4127017100323084,0.2206304417306784,38.77070491801086
75,-0.41765070955119005,-0.7226956227626805,-90.43060868349838
76,-0.9051286024212447,-0.14053435732575784,-48.614675458383395
77,-0.29345713349770314,1.0038061062080148,78.57953738098769
78,-0.8092538309249891,-1.1237324652349283,-140.1051407925826
79,1.194394358333157,-0.43365505165197105,17.042977919875405
80,0.6242189538405081,1.4861813434663136,176.73370085685568
81,0.29456735242445103,-1.5528828695312942,-134.5076999585107
82,-0.005425477234017228,0.5243943573677846,56.373864945458095
83,0.06719222784893226,-1.5976254923309121,-143.7230137693241
84,0.9102877783559002,0.4067078354562322,78.67233303078632
85,-1.3680219346702,1.2810078870178558,70.05530756687983
86,-0.6716424467210358,-0.5828137295548051,-87.98206909962265
87,0.11364138854035356,-0.8242960120114426,-71.60564414626545
88,0.499487642562956,-1.692584488193166,-144.3498673037314
89,-1.1470062051281185,1.169552458704823,72.44386589105244
90,-1.68844216508853,1.0437817954678086,31.665242722926926
91,0.6541466015780035,1.6301283010078398,174.2214947707553
92,0.15466385321333295,-1.0148567366872587,-95.40362953895391
93,-0.4765456324623016,-0.8453558720204347,-94.45991103896331
94,-1.25451540707476,0.3845018420339953,-6.768086428604087
95,-1.2821377635020819,1.478453395854368,78.75423408083098
96,0.19491450165992774,-1.8008055526628555,-152.96769919082647
97,0.18843430808297598,-0.8333541254829449,-79.76544540652924
98,1.198413061475675,-1.4411745473750526,-79.8418760179667
99,2.095431976346227,-0.5282748733943955,38.22279061384901
100,0.7399936971009884,0.10433709927121489,42.79758950292476
101,-0.21792832650960575,-1.2289672592494125,-116.29729136612401
102,0.06354551558693344,-1.291543399488319,-123.33146419139504
103,-1.349696403006495,1.1161030318674316,44.51449858886965
104,0.04123835525542414,-1.4908576509259301,-140.17654652615272
105,1.9022504493277643,0.7308739543032877,155.91889615080376
106,0.9958561897971283,1.2601540467920902,150.7625834366151
107,-1.5134233452657668,0.5582452443323185,-17.765809266734152
108,0.9539526019481788,-0.22289651547098155,3.7594807456851864
109,-0.45042017994793204,-0.0672000757861298,-21.461772585006717
110,-1.5335291595260492,0.08514605449209575,-58.17197224373973
111,0.4847191346659689,0.1504517975963353,33.614444671270064
112,0.5208274633154001,1.0804590740887694,127.0852175651199
113,-1.2394552491715092,0.9813458841112404,50.16161881585554
114,-1.1031751537575898,1.6483150875687371,105.33676379854734
115,0.6100275186176348,2.2802525036148946,245.22732088329832
116,-0.1308492819115851,-0.13214479874247256,-16.36463374816033
117,0.5620651986936722,2.60938427007015,278.23050663628993
118,1.8036124411225007,-0.38269529283621995,42.42720204107884
119,0.27738888577681914,0.20008910720887804,35.549294270908746
120,0.9716286108874357,-1.591793383833072,-114.85407721559687
121,0.4588592011285371,-0.24554015610192179,1.313240940954472
122,-1.312569292891604,0.011807243575724234,-56.133554306584294
123,-0.8320817457025701,0.12028780751549793,-25.958226696068447
124,-0.07879828642445671,-0.895693323277235,-96.5329044038743
125,-1.140940833350101,-0.6872174889465282,-110.9340108659616
126,-2.1001667781308306,0.8315694349685312,-16.384523382222717
127,0.2657681615708104,1.281090893237437,128.67794124768633
128,0.8871711140162952,-1.7959383605363164,-135.01408925436388
129,0.6712906353908246,-0.4982909872953391,-23.42917049515469
130,-0.5119681264847997,-1.7644659222916175,-188.40819463327549
131,1.1964931941850283,0.14845882659772563,61.41220366344925
132,0.11828466154658572,0.23858514480316664,25.916635979693243
133,-0.9629431640839088,-1.438665643882937,-163.983694380112
134,1.3993442302139998,-0.5209065688633066,6.115708774133796
135,-0.4520861571637464,0.22441031397100983,-2.3142500656236296
136,-0.5107463714276002,-1.4385453923016536,-152.1585052954473
137,-0.23589092116961738,-0.9988741822807399,-111.19956420221644
138,-0.43015268529492234,0.7480540449139985,50.902772434007105
139,-1.2576099224150608,1.2724915033963085,69.31893181902134
140,-0.9019305304779504,-1.0448329865619592,-136.00929932531034
141,0.5789092842456158,-0.33382658525041453,-7.121587679215978
142,-1.1445396836057071,0.024863146856535883,-38.25997520121736
143,-1.8056436086774192,0.30888860139541524,-35.08632523248777
144,1.9359755545858235,0.27294017858018854,101.25923035781761
145,0.0507194727523401,-0.4611287940628175,-33.044082525024514
146,-0.30826009747514516,-1.1335418565468245,-115.35128123930093
147,-1.4250864083516008,-0.20307753178974594,-76.75793419347931
148,0.3308581768582591,0.2883407582354005,40.75280658898598
149,-1.8199612875152367,0.3108819537020579,-47.78965669848761
150,0.31279101355922223,0.5575900752592773,63.93552600468314
151,-0.9586239672619171,-1.1977878524440684,-153.5988848818235
152,1.5163384972702285,-0.4016075259378752,20.54052221909774
153,-2.1598672554173333,-0.2948472955173834,-109.13280838602289
154,-0.1261477116897872,1.3145909678276027,121.68227365382045
155,0.9493440148871927,0.8197916180806275,119.13221570067466
156,1.4308695132991893,-0.4812179157202061,7.288826451808973
157,0.699833500996581,0.6587033013586234,91.9744952473865
158,0.882337409331849,-0.46101140138766145,-4.532322341534954
159,-2.4969128928171838,-0.7452824278474348,-168.59484864671361
160,-0.1404942725466906,-0.46698956049113305,-47.448438103560385
161,0.9948263158195925,-0.3544479894840815,9.138276566813786
162,-1.594542126362144,0.14229101378598763,-57.079876619214744
163,-0.27277833744556107,-0.08756656831000377,-17.304632441799352
164,0.5078969535474136,-0.3604632898628864,-13.251664095946284
165,0.0066620085542288526,-1.3707983161804578,-126.90552829013576
166,0.7764289055796905,1.7278012033027172,200.32957624001804
167,-0.6606068184351975,-0.9258706994874017,-110.71336877939228
168,0.03328196547653363,-0.8580906453480054,-82.19461762905578
169,0.2801604632889447,0.9224908864384839,91.6604333792692
170,0.7755403244073718,-0.6641764366463826,-35.44371076376014
171,-0.8906087494674063,-0.9718920963337475,-122.37109673615612
172,0.18805372135197077,0.202944445624794,28.290881337728386
173,3.0890719983069614e-05,0.8321606089588324,83.50544348608791
174,0.7047876660609851,0.09499933838585697,45.256725370242435
175,-0.928702624828184,0.17973047184478524,-19.35331702983217
176,-1.0541627082017744,-0.5631509287383031,-91.8701228988189
177,-1.3880718830973042,-1.8429806152168609,-243.36120712637617
178,-0.07981117118937486,0.19458331284957608,15.971094683855076
179,1.1387006832943245,-0.8733107324851661,-32.478098049898904
180,0.152979134026824,-0.5953494584442942,-51.80097708396793
181,1.029704815591647,0.847621061824761,132.9227520613679
182,-0.15450445807458704,0.9763672754839328,83.08160597547075
183,-0.03801356264871648,0.46937529541072837,39.16796110169938
184,-1.0139647378202745,0.7563939466739477,34.25086505853911
185,0.19589239223229982,0.8572400081253455,83.38089285034657
186,-0.7365970534465007,-0.01552537148515683,-27.43772626330093
187,0.7698063469898899,-1.50837444120308,-102.44195730680835
188,-0.48107740146984357,-0.5416766813031618,-75.39725654666722
189,1.2994203305033403,0.5617903282735275,106.98045900080032
190,0.10640397024870352,-0.7172963538301789,-61.49232690691212
191,-0.9377772693485755,-0.8304979172887931,-115.01832343818481
192,-0.889581617867761,-0.011725642627110929,-29.454502803027086
193,-1.6708164322715169,0.17357026019153482,-50.54829217735176
194,-0.7129003856293089,0.7407463434994328,52.5676620315164
195,-0.8760570177583905,0.08739488429077967,-30.674707035813206
196,-0.8236277861739624,-0.9255820684268116,-126.6108432682873
197,-0.025911367446058656,-0.7059326596031886,-68.89209051670585
198,0.8268408057721603,1.1266588519640197,139.07792460803157
199,-1.5768824708532583,0.7438933866323192,9.942487387754962
200,-0.21015791468703368,-0.6517570745045507,-80.52418358294591
201,0.11589046925536452,-0.08364536580813586,-10.200137719003033
202,0.32076528726341375,0.7943696347787887,94.48240506202308
203,-0.7338433026870994,-0.04096360705796626,-26.065585849848965
204,-0.40232434803377104,-0.1379117599373749,-32.47045416597536
205,-0.5862838859059439,2.021553729560413,169.84866227427912
206,1.1585742045126226,0.17008652398849786,62.55470648959208
207,1.9722912694772838,0.5592530502830064,133.5861047329501
208,0.5542889889672272,0.41562594850327783,55.18115331922016
209,0.8720776768014997,-0.17692302923753692,10.683259617664385
210,1.2782530630170112,0.008166611225077188,45.744559828275115
211,1.969955982633895,0.8919417040132576,160.2014987833163
212,0.7075005677803129,0.4796926679287343,76.6693574062407
213,1.1331861404366559,-0.5355251081391914,-7.760589119517104
214,1.794312598740576,-1.6316395038475084,-85.16792280386848
215,-1.82812304742103,0.007035550838549884,-79.37599942178328
216,0.21272204037111514,0.12248103030373325,19.478452209385225
217,-1.0088395998108801,0.11291453452630615,-26.686091869008994
218,-1.7507119616334814,-0.4386470229168879,-107.00166158091129
219,-2.0646486573716434,-0.6324726710607366,-137.04681036600851
220,0.3682529733724367,0.16556317039459276,32.13014574126357
221,-1.09152553983916,-0.20717846759152642,-77.98969570506469
222,-0.7406958194967299,1.474792473255805,110.72724394055534
223,-0.4981716545374057,1.5717251444918061,130.25815970050942
224,0.8408592226388062,1.9485490745982423,216.9154501859677
225,-0.02546473592878233,-0.03922507601227375,-1.3193594452255515
226,-0.2066296081290095,-0.26483104120710305,-29.06974634917004
227,-2.2792942849629925,1.2177198125404889,19.31156014138218
228,0.24177058602236412,0.620407124949209,75.1995788022469
229,-1.5338538866236928,1.0258173230358887,38.57685433702569
230,-0.633352996797581,-0.6088313942772049,-85.70903599046989
231,0.4056939989587321,-0.4658304678549846,-29.60912900551739
232,-0.72543981178423,0.8421211604194652,48.95448210064483
233,0.7294487142100293,1.0169477539180225,126.11437048800794
234,-1.1824445628003095,1.3482788628664646,79.89643830094626
235,-0.3383536900043787,0.8473110869220359,59.6119635554284
236,-1.4271397005352262,0.48418262098270215,-18.02202273611521
237,-1.4595604634286339,-2.5394402462793924,-300.34972264118795
238,-0.13786815824280607,0.03760694380592892,-5.943561224042513
239,-0.2314460966862902,0.92546211205196,75.74424761575253
240,0.21903019104800764,-0.4742337118327432,-34.57080092824712
241,-1.5128685347032063,-0.8902106683864185,-153.15045785305233
242,-2.2019862121834515,-1.4783967875276023,-238.79299158673118
243,0.3470799769538343,1.2139259426666176,137.6816318205719
244,0.2286430091322755,0.11493054624469995,13.41123653488838
245,1.3747815956375948,0.005689411655708499,51.50278230551153
246,-1.6780952488897702,-1.3203526445723226,-197.79280984543385
247,0.2361198312167877,0.7638583782680572,80.50028804267744
248,-0.31348902657020955,0.6128733299377254,45.53301200240118
249,1.1312194858483493,-1.1887717782854543,-68.84528215626908
250,0.27684217920214815,-0.41585902276722947,-23.380942696223126
251,0.23860686398915612,0.8427023830628017,93.66601903064821
252,-1.2658453460318793,0.43787273600919957,-12.35106936205635
253,0.9355537416045662,0.9531028006343774,131.6363265434934
254,2.1283162346268325,-0.9257048899707548,1.0066435343555842
255,0.08738379897595105,-1.4076658634923105,-137.70863639804458
256,0.21055836868509986,-0.024240183183335984,7.983473779174054
257,-1.81125476580957,0.34234402267962444,-48.34504715257287
258,1.5409211892943224,0.4878974395895544,117.57472097962852
259,-0.24926524010952314,0.0539223001893747,-8.031131077938875
260,1.3815886782696198,-0.1123564665900372,54.65682603918472
261,0.977945626101214,-0.8331467955076844,-44.237025941439455
262,-0.5562594252839961,-0.025992544435745744,-23.071910870614403
263,-0.26691876334958975,1.3042867362887747,126.87475716719719
264,0.4662902567374928,-0.5324434611859495,-26.267495369571286
265,-0.9513772084947846,-0.28705776462677124,-64.03658240968768
266,-2.604439085048649,-0.5833675261577768,-153.68648970118198
267,0.25718231734045066,-0.05093094048543308,10.10133649974356
268,-1.6511741256755288,-0.7747902572676834,-140.95877896847406
269,-1.0933173501372022,-0.07266369254170253,-52.99521437651364
270,-0.8142692693989925,-1.58887949144731,-184.79738732528347
271,0.1656371534707962,-0.8945760395911706,-76.80355051035195
272,1.1411650807006868,-0.22620556163926617,27.222645310813235
273,0.7458670235761484,-0.06593309046081573,21.04421287602709
274,-1.2278036664120917,0.6495848090293623,14.668939460016507
275,0.1332460097904192,-0.3905592603492791,-35.00032120202708
276,-1.0969140211572346,0.2394854104546603,-25.026933318665396
277,2.21631898089922,-0.415331800204039,60.72738169828634
278,1.37522113590059,0.18228280677913525,69.436507360688
279,-1.5807760823599362,-0.17849686223154954,-93.82512811015664
280,-0.4190395874352834,1.414238266451119,127.06152724701724
281,0.58712557739917,-0.35049774661694755,-15.496134553784174
282,0.42921947730647564,1.3506174291360011,146.5671358629213
283,-0.41028966958784163,-0.49059885855878527,-57.51697678891612
284,-0.9990650710000315,0.4093630867048361,-0.32311009290694637
285,0.3822729147844837,0.3617512984735698,42.753708935562614
286,-0.8064093184998816,1.2108175566363129,80.18387135024415
287,1.4351729546440892,-0.462793752609368,23.31189595112628
288,-0.004231409886442055,-2.3113911656872688,-220.98091551045232
289,-0.9791775577927861,1.423795698818408,89.30530060051194
290,1.1145629614157508,1.1825465830683188,162.94276819444937
291,0.5922395113697984,0.8140900690676222,100.84383697982693
292,0.47269892871185587,-0.36736816005543566,-17.662543267179338
293,0.30836825509575383,-0.8166096489298326,-69.57359663232066
294,-0.8380191632224762,0.21463649738436516,-13.10618171961333
295,1.4716927441339678,2.230581761680759,273.5909326248086
296,-0.2785059474252507,1.1437966207374657,93.5266360973372
297,0.7842173724365784,-0.2957633460249529,5.3724463300324015
298,1.0341403217102212,0.1759170618527558,54.63652344395588
299,1.0812040262806848,-1.3188049813666198,-80.74664965462463
300,1.8751324928875845,0.14373966522554252,82.63655931258222
301,0.20168765254867882,0.8600441277013751,94.95950993767308
302,-0.8032957015960709,0.2009298187009318,-14.468315676817058
303,-0.10173556398689497,-1.1408360223686003,-109.24675495333432
304,1.2618536922043282,2.8835468129899233,332.65951461871464
305,-1.4125155360559578,0.4494865741679411,-7.283196980404843
306,0.4389449279145204,-0.8028894879605781,-61.0174397150995
307,-0.35384616965430793,-1.7528947746997279,-179.41740530123388
308,-0.1078288754358218,-0.8117769233222708,-82.6756958253418
309,-1.6592088690488513,-0.301317296910966,-97.56420883364981
310,1.226303714038414,-0.7710405152580424,-20.11333862890307
311,-1.1011889153574992,1.1516370220701417,60.61242289467496
312,-1.1589814219455137,-0.4126869157599564,-79.08584383616908
313,2.6876918686119216,1.8023357730144995,284.9035098074321
314,0.31292867146453585,-0.2770390202311106,-18.27616406409905
315,-0.9472082413742512,-0.9751534013130273,-136.31697723786138
316,-0.25620824639462014,1.9022046481576036,167.83851453630186
317,-0.42445831135303413,-0.2703220714542201,-41.20302708937179
318,-0.8838992199465875,1.9618705270046939,153.76981687391032
319,0.23180071162460494,1.0381516780623747,108.40268140473698
320,-0.49886623232873506,0.14336498112607587,-0.9585412442498669
321,0.1298904066176986,-1.43598311674892,-127.81444585672499
322,-1.260951087224863,1.3547775326020397,73.87584551524021
323,-0.8547246692479108,-0.013290946595039453,-36.19155829960979
324,-1.9892301840866875,-1.3728873826099683,-209.06108126104908
325,-0.08265004541967716,-0.5105029001401498,-47.66653489647996
326,-0.19446059818178155,-0.5262365350103586,-64.46995514780001
327,0.3191501870702386,0.6644050076013254,75.86914288092595
328,1.5489468673068394,1.10438002066761,180.8725333052126
329,0.684073818770047,0.6122790984859219,83.81753489034864
330,0.06930043289038704,0.877853111380571,102.84450491796385
331,-0.9262901600709109,0.38818700983637505,-0.15303175267655422
332,-0.5617324802385728,-0.11192484809761433,-34.97872933307675
333,-1.0299667213064885,-0.835602876065955,-121.89809444663922
334,-2.006876928188913,-0.2500927221438691,-109.1899050377054
335,-1.124937836459599,-0.01063470627182766,-47.70965151899451
336,0.6924992053092043,1.2515645287608874,143.41758808049204
337,-0.6843927225559454,2.296062233816337,183.88491122372014
338,0.08925187466000041,0.2433575174502319,22.006611531373863
339,-0.2271165732851341,0.06667326245291805,-0.14162124361478234
340,1.0652025197044779,0.17125122639810045,62.62869337885418
341,1.0453237074032122,-0.9005193578361501,-37.28495954772939
342,0.22871510537479628,-0.9762678716297953,-84.794569935178
343,0.411859429047657,0.7582452868530094,89.30872700893948
344,-0.06998287260044692,-1.7778477762684612,-172.6824135445116
345,0.01613087610463785,0.5024163059658768,57.524102245240385
346,-1.4612159968760519,-2.172088499338761,-263.7950475604324
347,-1.4243585631887627,-0.10787524565638962,-73.12614421905381
348,0.6115265083282266,1.5081939409168525,169.90063488851365
349,0.020314990289578654,0.05904622256026246,4.691299446255835
350,-0.060471441296557175,0.679769678054105,63.283403405897694
351,-1.9240414268903974,-1.4638837394765458,-221.99161526243026
352,-0.12086640655069891,1.6686564582010914,157.54158646478456
353,-0.7286332528879422,-0.7983239838616653,-99.06918408748801
354,0.36564577900633494,0.5702787979247507,61.76906687800416
355,0.21483331507237938,-1.667108174004239,-148.67278858007606
356,-1.3786002791397796,0.6506407202944738,6.3111150434038805
357,0.8998691243759166,-0.958844228459771,-57.973416504178
358,-0.33339636156667996,0.46853593790772863,29.36251553638407
359,0.43862906882823793,1.1135422374567094,125.3062253537619
360,1.4698012513748104,1.8241584153890655,241.78572841025232
361,0.4693290050695479,0.12127284746526595,42.500304873642165
362,-0.43828238202844544,1.0321318041221814,73.27057087375105
363,-1.1172257617706662,0.38805483947830555,-10.88868595610456
364,-0.6698190570543514,-1.087436675928704,-131.57016378560346
365,0.17753306204936117,1.0788752085946014,116.89196681302049
366,-1.5688697725562297,0.6056702353703804,-0.6964444933036562
367,-1.347759796976619,1.3709485023296497,75.32312633175401
368,0.169800333135525,-2.323621708206043,-220.05357890652576
369,0.6096787500100264,-0.850778230277705,-60.07309912978548
370,1.6705374981489223,0.18893294738120667,86.75590582608204
371,1.3093177794452475,-0.800372854816153,-21.165379077440576
372,-0.6281649685732282,-0.6659914956798079,-89.20663683143216
373,0.4609996341410719,-0.45310223420711376,-35.50689358456009
374,0.3002441295433046,-0.027863572611485126,3.309849746545538
375,1.2780266791319563,-0.21599934750923006,44.07517669091695
376,-0.18451268105865912,-0.4766359006984423,-53.89402701126433
377,1.9995953138144875,0.16769074431439343,99.67442628447895
378,-0.10163859308735275,0.320987184976037,27.325559779833064
379,-0.1533493065291487,-0.2911842155232591,-29.73625414109563
380,1.320731071173871,-0.9337509747262887,-31.61315226244748
381,0.6682079002231739,0.3815254095032589,65.68575747828505
382,-0.512501039968036,1.036283190292941,80.61237950108034
383,-0.8157583576785232,-0.09996072075324185,-42.164335307992594
384,0.6915553058070313,0.06785516335327663,26.65581357753191
385,-0.3868867768770078,0.09134429792446602,-10.601445229719623
386,0.9143562884433672,0.0392671562298375,42.11922562309639
387,-1.9444552628416574,0.9223664644611455,12.240425646107038
388,-0.601394242289882,-0.9456816758319164,-113.05689658909517
389,2.5789989946541887,-1.589177718347466,-45.91058790663895
390,0.9436224237769734,-0.10983317291641162,17.408888331860666
391,0.220474868056802,-0.5019683836777602,-41.933616686426355
392,-1.1992833749622287,1.0152243037598523,61.05471677996461
393,0.7597274970874909,1.6631044976335816,193.06701185694394
394,-0.7589148516547234,-0.534939440235656,-78.2931788400157
395,-0.7654926522738503,0.5355103231236052,25.285990558569917
396,0.49166396214290636,0.7833234650583165,93.76886931121345
397,0.03399619090005258,-0.23541611038760152,-22.98982429480286
398,-0.0878155718480481,-0.47588448106624404,-45.435518117533334
399,-0.838823154081855,-0.5531723265333122,-87.79247981362529
400,-2.0428254044848235,-0.8544470619143928,-165.04289311264995
401,0.9607220946546631,1.5642616557161724,194.3577794041786
402,0.757201373822481,-0.5730427317426091,-26.038222513856986
403,-0.33214420031882697,0.9116187643295465,76.10136364087364
404,-1.4458767510906594,1.0849586586693847,43.978159741184726
405,0.33464011325333515,-0.707533157550309,-44.310369539863
406,-1.1420492736464838,-1.448199428971365,-182.40584721859284
407,-1.0850323579282473,-0.6604803846454593,-107.1239994643585
408,-0.5158177705639944,-0.5791615195714357,-75.92135874755121
409,1.58936773616297,1.1453098229935093,171.75262464399677
410,0.5950393570569238,0.6973731826294588,98.32453634226432
411,-0.367832527655838,-1.2209417872989219,-132.3127834498948
412,-0.8420557792620069,0.21375822282172963,-15.795634187777216
413,-0.7841439873831122,-0.41372882683207585,-82.82035527828288
414,-0.9009428700470506,-0.33529063557192335,-68.94219032802454
415,1.4839995456240875,-2.056488962543329,-140.86623883332516
416,-0.2859396653271779,-0.9077539355801283,-77.06702416855553
417,-0.4063908117332581,-0.3138762500523731,-38.16192006943254
418,-0.156000464787709,-1.0008123149956762,-109.36319644409134
419,0.11344051624024203,0.7661185829726719,73.2857367673035
420,-0.5745983901424021,0.6178401983315629,39.10597847403191
421,0.3242905711355558,-1.0665755697958206,-91.92403952858146
422,-0.1468204142023819,-1.0607439180005098,-105.16783747028096
423,0.25216626590803987,1.2812577497547393,131.009936184898
424,-1.0287497442013422,-1.1968928313717027,-144.20464220060424
425,0.14944431891214024,1.8383935232649586,176.68436114111185
426,0.3455832435148982,0.702812389152491,84.99726371487934
427,-0.7157853216413103,-1.6298000882785877,-183.28411264424352
428,-0.2706077571912455,-0.333810960643261,-34.51465432021399
429,1.81234193287266,0.029915307034394926,81.68567491643672
430,0.5300328669767193,-0.10964935621681611,3.7872151800949654
431,0.8946677878805752,-0.9905933487696323,-54.92528282104359
432,-1.4107649592674685,-0.6931158541261991,-124.62051129725818
433,-0.3500913252758797,0.49470921349323443,29.27479566598657
434,-0.48918113518503864,0.7314588717084181,59.86841817806878
435,-2.080111855134108,-1.0385565230281346,-169.3522926142517
436,1.4715685039665853,0.041841747048982116,68.34089658108297
437,0.2130660948886295,0.23440343947297032,31.684736153832624
438,-0.017506127933696203,0.630209685276085,63.647480658109345
439,-0.5390088721854017,-0.15560787900903642,-29.984444797699304
440,1.0504040806098096,-0.7790353553181972,-27.049171430037383
441,1.0358292057254708,1.268149673752956,161.55138877856606
442,-0.661593589372832,-1.0612703087266433,-119.30320003157621
443,0.11335537315438342,0.6493745915052386,71.67312628984926
444,-0.7512904024511026,0.1654713235453878,-21.40516013281661
445,-0.4069290825468508,-1.6296862975729802,-184.98375018671476
446,1.018966691988499,1.147587197765713,145.82822415836694
447,0.042101867298407536,-0.4486916054519712,-42.46118206671327
448,-0.8596945944575584,-0.9640911478077169,-119.55884047570191
449,0.07890393066028072,-0.2811221272675276,-29.936336371893695
450,-0.0918385584508139,0.7151091790323721,58.20202728100361
451,-1.4917354102926088,1.54789318271099,88.33329684494092
452,-0.7660052534337675,-0.47841199975871795,-87.06860737591634
453,0.01811266715223333,0.10788427094946934,18.626612936051743
454,-0.2319386066422929,-0.6392728542059803,-70.81176186020602
455,0.4246317217779719,-2.0765276731259954,-178.52433100990612
456,-3.1681596261828284,-0.8965335671503581,-214.29983389112047
457,-0.5140447180881489,0.429991665620386,19.080119462147998
458,-0.12334043407311793,0.5584211647343471,45.103693776256264
459,-0.17440475910885514,-0.7044710841477655,-76.40615189407843
460,-0.037369745110581026,-0.4962727472404191,-40.1216146873656
461,-0.021616584775430436,0.6308736473726496,55.17681079256116
462,-1.6287410970448692,0.6419669406521771,-7.47862526099152
463,-0.2880690332739035,0.15239908121079257,-0.23805660976518084
464,0.3021998451700997,0.38866385544906684,44.754446645339144
465,0.6432246303621802,1.6579006023276732,187.6491029057082
466,-0.3484920255312244,0.4841920205899417,20.650503050450787
467,0.0333069694975777,-0.6638888630719668,-61.38371489227483
468,-0.7858737574876199,0.9111643298638008,48.11645189288956
469,0.3582866255690217,0.4780484143534268,56.70407464154772
470,-0.9252370926340301,-0.4475292600793255,-66.78928538082353
471,0.2367848711207051,-1.699431987956053,-158.74025333340015
472,-0.6329666022237777,-2.996302475475791,-320.3143494039741
473,1.2430630948777288,-0.8936968497117006,-39.6702533646008
474,0.7803226738156805,0.5406004426533022,81.08171563821895
475,1.1300213370948597,-1.2616560045999796,-71.1349744151974
476,1.3747277865700032,-1.0048103282239225,-48.614438964937804
477,0.4100492206559802,0.17744662121801041,36.62844509688742
478,1.2989117822365221,0.44483023432838376,99.70480759088159
479,-0.6545043496417833,-1.0809363355824282,-127.88084738546758
480,0.8374604155084358,-0.864920364076749,-47.109459021625725
481,-2.0490092043061128,-1.6225023285335374,-237.27078678274455
482,-1.2678223936395425,-0.5225837590157075,-100.33377206010246
483,0.5656417663223993,-0.827585570071379,-65.12753141018514
484,-1.7828251651553801,-0.1791346632772691,-94.43733312528948
485,-0.5972160428333633,-1.0811783068695708,-131.00529195251727
486,1.0732007542203614,-0.3407037567423588,12.001515047934362
487,-0.20163074639590015,1.2048545016201193,102.18475768478936
488,0.6599495925291817,-1.205080780196559,-80.88658176508586
489,-0.2744988512718004,0.947078110553251,81.02652017119847
490,-2.6324803038333364,0.16859836501170783,-95.83775627710898
491,-0.2202964533106128,-0.6867483220890102,-79.32175872606473
492,0.29863628128577374,0.7748067653029921,82.32451442935199
493,0.4138797797059078,0.4033682797474766,52.65540558034481
494,1.588754211109467,-0.8103634367332487,-7.2146247223607745
495,-0.15574553317741352,0.15423242618185173,15.282391261948954
496,-1.6435109081061767,0.5988703377597249,-4.306025388439821
497,-1.5291148095227218,0.5272791814308528,-15.044114030864694
498,1.0279726091406707,0.10339279782578371,49.31011466545632
499,0.33308824223669636,0.061564891230322646,19.759152200434396
500,0.105416789383805,0.2592123164056983,25.58005386866786
501,-0.4970198948835145,0.12234332534945552,-8.207884073298967
502,-0.21107432105718224,-1.9381927918510982,-187.57430461212212
503,0.46079871070730066,0.904358221542197,107.88910884308336
504,-1.4023422224395878,1.1284016196967361,48.830899883304525
505,1.4720751960692844,0.019262627933637314,56.83309327346069
506,0.34975183641991603,-0.10514339218220324,2.304965169639894
507,-1.6376887015087394,-0.6185305144188508,-125.68613244547487
508,0.8623497730314713,-0.474234738546499,-11.221854212964335
509,-0.10788525775208697,1.8061892763850764,166.04850799451657
510,-0.10839739261220376,-0.188194117601248,-34.39899068218843
511,-1.1062828213591194,0.23499075146114767,-26.598636454416354
512,-1.0770322359076199,-1.2338888163647375,-157.52285051761137
513,0.7579153742016356,0.10926550799599546,39.62431941832514
514,-1.168127801818398,1.297103802511679,76.40684359896709
515,1.5459442378108665,1.4062874022591547,187.5336724571825
516,-0.024578263930879175,1.0888457397327298,100.76980156852913
517,0.6491537022492923,-0.9894961565828212,-68.80300856203694
518,0.4103564816029469,-0.881207864246525,-71.33791112084687
519,0.5326803631891256,0.4581886890768646,64.85948502398672
520,-0.11026266070253375,-1.173080384271507,-114.44251429801683
521,1.5789131026797636,1.5490701978602641,213.31355947251527
522,-0.3187497470561481,1.2759752834654097,107.12684673071217
523,0.7015794645229841,-0.8242093203710111,-47.30117519408561
524,-0.464410702039513,-1.9372235598109164,-208.21498771624957
525,0.06756357133811476,-1.004672855257086,-94.59110750790731
526,0.6736173461227786,-0.10659097805268027,24.487345562260344
527,0.2072916263700458,0.626578037198566,65.43371930853206
528,-1.5693445238518395,0.7305274919245877,12.673589372312277
529,1.3658656546471533,-2.253074935923689,-156.53654039419962
530,-0.642809540026831,-0.4665385346869786,-66.34517772623727
531,-1.7389614874580221,-2.008967084578916,-276.42606518578003
532,0.6897029058519465,0.8105246151881276,102.04571139704183
533,-0.80419351043227,0.4849451374145529,15.351856116925063
534,-0.4019157655542306,1.3523993589020182,110.42232774308066
535,-0.2565381682104889,0.26403897355224426,12.97745036153231
536,-0.13341231074120546,0.6943878977912764,65.65863839141726
537,1.5129610534020164,1.3164087567250617,196.03629590913
538,0.6114428775617097,1.6931998462410442,195.34698565209763
539,0.6407907758814805,0.6548291018967792,83.52297129278803
540,0.008748398161277478,-0.5705113486943234,-58.44669462781517
541,-1.3404442261489342,0.3667075278642372,-28.053740958313547
542,-0.3559494831163555,0.411169841874447,23.158959678794226
543,0.3285358618431813,-1.3357031564612438,-109.78173772642062
544,0.6174848974796756,0.38528672599353514,58.85260962317406
545,-0.16650132266367723,1.2739752428969462,121.76121520745156
546,-0.23833860915981706,-0.056156036841421376,-13.669966923520066
547,-0.5755888071570526,0.22413694068107626,-5.259765676880095
548,1.7116174995227194,-1.5367886484460018,-78.14793998050978
549,-0.7266596266037108,0.8448408146909467,59.574235151539696
550,0.9952892165102917,-0.24804795048604958,15.180532249696466
551,-0.6053015493063575,-1.6266949828571202,-178.74173225865744
552,-1.2332114013319806,0.1407683297711503,-36.04250535723993
553,1.1196565630887112,1.2180170564017885,158.4950134363279
554,1.3302564055278907,-0.41119214926209285,10.675067918210114
555,-0.6202634023206572,0.34717293801025406,1.1207974300803283
556,-0.81770301157298,-0.06610481245661144,-36.3443444954407
557,-2.455216689121329,0.5062214098225826,-47.984757936268004
558,0.38044021467038924,-0.6514301810024239,-44.98056347770012
559,0.7727473907476742,0.32865686943559635,63.39895406384405
560,1.0265270716210526,-0.7713692597147407,-32.09410741124863
561,-1.27243847436204,0.807195148319384,34.84627483635245
562,-0.25981083180962145,1.723285963130901,151.01663603908565
563,-0.14345762745264004,0.9836568546095875,76.95611664635653
564,-0.7934748442024403,-1.409391462299333,-166.6796621095645
565,0.7037714498973552,0.6683064771261764,85.06700547398098
566,-1.1282732449045574,-0.6653976077096088,-99.4585810110785
567,-1.7839838746283916,-0.8041794092515926,-137.86022318375944
568,1.1884976314306501,-0.8649345012799307,-37.20025987082012
569,-0.025276088022301014,0.21130075063337733,15.867473801899678
570,0.3434695939471517,1.521218823093698,161.0406145677063
571,0.27924811962616736,0.6103844636274932,80.86580168179484
572,0.028352302595113118,-0.3343224297578994,-33.175874170208424
573,0.04192337486230236,-0.8652985400400341,-77.91186165281563
574,0.7955527462291694,0.6057082161282413,87.30179727983239
575,0.5266003946641752,-0.800904606730294,-58.62188963740628
576,0.2708654633114007,-0.7521560258837907,-64.22295511170344
577,-0.40440151340592684,-0.14420501377658276,-28.68531378604006
578,1.8859257392142972,0.4047399665045402,117.62149634402428
579,-0.1106797451025055,-0.01756439917343031,-10.562626838257867
580,1.7552926538045024,1.1733696050096736,187.16519161605018
581,-0.5329060710484856,-0.2788579544221192,-43.09197873072949
582,1.8221511260143954,0.589062083528703,140.06264229461925
583,-0.11498992105113985,1.9882563167841938,178.7778967632964
584,-0.04564452056188248,-0.8592504698367365,-87.49563065775385
585,1.5294413448442183,-1.7044837032720705,-107.19375151205612
586,-0.5404908166924336,-0.31377949619018597,-58.74644758261264
587,-0.04673236777687239,-0.10366837326338828,-10.433199436856325
588,0.13658019884636297,-0.1313801857916987,-15.703632315413412
589,-1.8806169274339803,0.38772034266818456,-43.55201840427349
590,-1.5486320270443314,0.05149615193430407,-64.95923166566891
591,0.9472407059760992,1.779123725178896,204.5308244360152
592,0.3219955514767462,-1.715573987850039,-153.48875560083425
593,1.5033660192391294,-0.6267286072409035,4.446449546777058
594,-0.49508992149519887,0.778877546090447,57.78442686385813
595,1.167381714953261,-0.6138445477071044,-2.195311490703748
596,0.23707559318039384,-1.1963704679606517,-108.07420941173837
597,-0.46894757811698795,-0.6552953065707969,-82.4653481402636
598,1.852374879924269,-1.771812640604824,-89.49747574646064
599,0.06097358215260346,-0.6650137517935737,-64.14015265639945
600,1.2895054847247491,0.7944698387150181,125.94801070854068
601,0.34787619345968646,-0.8394261780157684,-60.005956942560566
602,0.6776696616599096,-1.050479792065882,-75.6224457073916
603,1.2846115854920392,1.6531254395962016,211.6924067905101
604,0.3562896805271815,-0.9135918445400778,-72.90398809754127
605,-0.356918894447188,-1.0888343288205218,-116.68623122528274
606,-0.8098657137361357,-0.34972473435211465,-70.06934191381953
607,-0.028885744265264537,-0.3335984095114875,-39.765526799316774
608,-0.7646281726476553,2.195340796097766,175.15137575589924
609,0.7940217515984996,0.39846704174597486,67.43631406388616
610,-0.7004449436395772,-2.097384220289705,-232.98605819192724
611,-0.017990964221489207,0.49288018210655576,48.46259616202351
612,1.564423106423599,-0.5587063040507891,22.519759063840915
613,-0.38901529196664414,-0.5242177666919464,-78.79074478786737
614,-0.3778617917222983,1.053516253131342,90.51954574307467
615,1.3840025639867808,0.04944163990932034,60.54589649937266
616,-0.3353293127374791,-0.6673712938011389,-87.50609951096132
617,0.2796046330558395,0.18527613849855337,22.87136209244651
618,0.19114174536944034,-0.035731146065458776,-6.232692329816828
619,0.6551218753139144,-0.7113543245448669,-29.58121599792252
620,-0.42953037456967874,1.2881420825095273,108.01128543664534
621,0.20433474744876604,0.41157281202627816,47.110592639279126
622,0.5917376748095704,1.208530851404541,147.9004197804457
623,0.0546079862240684,-1.1307376013132004,-109.72530965246295
624,-0.6244841322598506,-1.7908532277094844,-200.0089253212981
625,0.856166686415803,0.8325398701104253,113.8425565402568
626,0.5046613722190496,-1.0561934045060268,-88.26392967934967
627,0.4473243590410707,-0.7967947306966546,-53.52926203760725
628,1.4104755134056481,-2.018388097897342,-137.48684628641345
629,0.7162883412206715,-0.27928665839527467,-4.000871095558502
630,0.6158773560977948,0.8280802699128905,94.61962189959675
631,-2.02369562740537,0.6993072644870818,-12.76223672775198
632,0.03549203858736779,-0.887804007230803,-74.75140922252938
633,1.056109159251266,0.7359947540760193,115.5909552064381
634,-0.47571827414017753,0.511666372407647,33.53643434616842
635,0.4477308086227243,0.778422513665973,80.84324333404585
636,-0.024945783947164547,-0.09380363205091409,-8.953210291758102
637,0.01601863099178896,0.6405898680821497,62.84048186385758
638,-0.6169394137722004,-0.12058846607337584,-40.26227430331852
639,-0.21093879440113897,-0.34755110889375807,-35.682606007560594
640,0.13143912338537891,-1.4548471925446738,-134.348161269565
641,0.0571607521172066,-1.170660066867458,-105.98401700188066
642,0.5942103639689331,-1.929398547951093,-166.06250805918728
643,-1.8587525052137412,-0.328103631380515,-103.28404058983507
644,0.5746164296088676,-1.5517479994318946,-121.44918620658699
645,-1.5206961381955315,-0.21986632188243915,-84.62674599747058
646,-0.5471413397241799,-0.23790545105345987,-48.08296273579955
647,-0.4688625353563557,-0.21008950460562303,-40.70050032222815
648,0.2615354956007055,-0.5036305418403971,-45.08555947806123
649,-0.5167159333385127,-0.2713429572081164,-36.66908684138521
650,0.1757761783082815,-1.5326813703655526,-134.0375234589205
651,-0.3964531352805653,0.6522261679451954,46.31908769983925
652,-0.9486439513980788,2.3853841780029525,187.85699402948552
653,0.7837249511452193,2.468470985929467,271.37448200908796
654,1.6897859901978445,0.0728721262198026,82.28339402510181
655,0.7883192570660276,0.9836492920584272,133.3115900145389
656,-0.956702594954535,-0.7258667787203158,-107.73323912487979
657,1.2278368260113817,-0.13203220661434106,27.193209361151354
658,-0.2691865051663334,0.8253604076524356,65.53075769115232
659,0.5690110046905937,0.8656124172369789,103.6462794655832
660,1.8782336055099966,0.9312758762392305,174.55264270548307
661,-1.689765145512954,-2.0822900774933037,-266.59101650920485
662,1.0538787426626015,1.231247835145437,160.53948332891076
663,0.6490717371760547,0.532854148735513,74.39168530529501
664,-1.5263168755395786,0.2803156084356904,-37.43197328295143
665,0.5480600767948739,0.36640639242002876,59.87554606228848
666,0.32125089608304824,-0.6250475374653724,-52.35896860487935
667,-0.19310492983233526,1.455035484201767,136.97496999054977
668,0.607574232857111,-0.7233416261814031,-46.45579493461009
669,0.17449533227161537,-0.7407846353454914,-68.83466138159686
670,0.21513259574527518,1.9335831228145839,190.2794102587103
671,-1.3957554328922421,-1.2395391951373338,-174.9190971321877
672,-1.061506083922683,-0.06885614484675519,-43.093174192578964
673,-0.9724823508958377,0.49806182705263197,8.914650725181382
674,-0.05643021781077223,-1.2635676019610071,-117.28034155347173
675,0.7581063029154952,2.8334170179424367,307.5259188190902
676,0.6827256551472934,0.3573592032447467,70.72502471328565
677,2.988589746872192,-0.36213285121524813,82.34722856209736
678,-1.2508524438654187,-0.20711778824302166,-77.91371684320434
679,-0.35153945544825804,-1.0831051643021432,-116.38754647020212
680,0.005646748426067864,-1.4487561379238294,-134.03687351562226
681,-0.30978796285796667,-1.5821885627639865,-159.29539176917552
682,0.6253643449657635,1.003666577209004,120.64154589099275
683,0.05677340491094607,0.3567099188496281,29.19583106080675
684,0.5632026881478709,-0.4427745678429294,-19.351344766608875
685,0.5744885846040211,0.08485295532421303,27.41973759278897
686,-0.32740773987436755,0.20329792437670294,14.449468497873328
687,0.9974955882098585,1.4795957219021085,186.7503988122557
688,-1.6246611185088773,0.28181909952575457,-40.17815766840225
689,0.42290006186305956,-0.6871412328003587,-52.79465127453716
690,-0.8055329963527204,-1.4448097268729005,-175.13112686918694
691,-2.0155235121316983,0.4535585049617967,-39.656672425581576
692,-1.083573707021671,-0.5721180082408691,-89.93094589324309
693,-0.48965853462635006,-0.5454567899710221,-66.73550153428215
694,1.0473913593664148,-0.03367248288283461,35.95220489099731
695,1.9448784410001585,0.3792188319828929,106.18387490785044
696,1.4818362786421464,1.489768977450527,200.71610727046098
697,-0.0347802133359141,0.039601443648208605,-0.260700060608166
698,0.13060461168394175,-0.6101940226630439,-52.85890528247582
699,-1.2768729553876375,-0.43144040997811867,-104.51674839239439
700,1.4047277138672793,-0.18086208646902988,35.274258633335144
701,0.6453520913538332,0.6689238353487312,84.20852415932688
702,1.4185945770587196,0.1983913500035192,71.34668409805022
703,-1.5080665395467234,1.562115711924613,88.67793587752534
704,-0.59060353261889,-0.40790228101505815,-63.283686510282074
705,0.8504730196856247,-0.2999092767612665,7.53471327921144
706,1.2214411724740406,1.1786471722715641,165.3858815832671
707,-1.22971868600034,-0.3938237858322644,-80.0757741067099
708,-1.130423885290659,0.26519416454799555,-11.418732109317073
709,-0.4591612443394808,0.6050345128242208,46.88662016782156
710,-1.2212181985795099,-0.10008714004895788,-55.52127762946554
711,-0.41732978133120596,0.14831582516697664,-10.395009040101066
712,-0.4987405861471399,-2.089931836807832,-219.97374130806506
713,0.2824247753138565,-0.5410201910889874,-46.26901308853449
714,0.08418539983227218,-0.13932280733599875,-16.981257511890906
715,-0.1703513092513426,-0.46258221054465315,-49.02413899551009
716,-0.5550803448503053,0.15192428486654844,-9.762000541261049
717,-2.318563956075505,0.20440033107800995,-77.82400733981632
718,0.8973381396452824,1.8359538741688461,219.0893421682376
719,0.4291632059247534,0.0066565089282040295,24.74879797575785
720,-2.529275206969486,1.027887217192742,-6.030077827368052
721,1.648214308988302,-0.2461859904680348,46.41626929689217
722,-0.2935019134136973,-0.12890336641544223,-20.482539689560014
723,-0.15402040851535578,0.21875651617214595,11.229847241632925
724,-0.6901071070300107,-0.006561110497834345,-26.320448903329613
725,-0.1774600104353418,0.5609648282398869,47.84538619181547
726,-0.26006042993964323,0.6698574172369324,51.20594697052026
727,0.23503622816595854,0.040097581719835955,14.50018333411376
728,0.5934598642296693,-0.7161845840546115,-47.574717669452625
729,-0.34565872503608996,0.09469709905595038,1.6834725706199976
730,-0.9848473509581777,-0.04233887538414214,-43.58445162759762
731,-0.309675971467283,0.43679268037587465,25.96858899017444
732,-0.16358005402835088,-1.1666975106350206,-116.43889281995996
733,-0.40057474118416914,0.18092133789111406,-5.942176916760625
734,1.6260486393476865,-1.32762082143461,-59.72598492147745
735,0.11158285711943584,-2.403339107352005,-228.66112925440456
736,-0.47631064060878975,-0.5852156317196608,-70.16415521008877
737,-0.5604567392555951,0.6735270593063557,48.64429701501941
738,0.9350951900720206,-0.045530865601009135,30.388008400602878
739,0.10291945657754181,0.8218030374980813,86.39986246982846
740,-0.14697560208943738,1.6664657737439974,152.77663349668111
741,-0.8745895475392677,0.19948531621972498,-8.902542145249285
742,-0.7661095188292164,-1.4066744668913407,-171.39514992669626
743,-1.1229780590745522,0.32075978602277844,-14.764201509000202
744,-0.10348238486758046,0.16143053280094324,1.48371903144516
745,-0.6298667998894342,1.0509450336440809,76.19405545218923
746,-0.5367499912535185,1.3665254984137643,107.20816027754972
747,-0.2979217383227377,-0.3234659698466386,-39.49487565071018
748,-0.8516493566698082,-0.6694362075265746,-100.4240288017508
749,-1.4181689123285959,-0.7565134597762407,-129.5629291736445
750,-0.5501594140580045,0.6033083104833982,22.882857104261433
751,0.6305581719550055,-0.8270357082982218,-54.686724646980586
752,1.3563805078040962,0.2448293686241945,77.65818981872626
753,-1.1749878146715396,0.41375476853901144,-1.3875355089578232
754,0.8968175407607409,-0.7130006311313222,-38.497905751263474
755,0.6686649022056761,-1.4894457246695814,-113.62616278962994
756,-0.09820215402055155,-0.05223192055196162,-14.186616945396395
757,0.3093341783984965,0.2544859757574509,43.075964376514584
758,-0.1849809456786744,0.08465285737716934,5.364138731046491
759,0.14811812019276954,1.1051388794953434,113.470796855372
760,-1.6523408820185836,0.9348668766822353,15.585527239362449
761,-1.134167938413568,0.36226920955499337,-11.519814216529255
762,-0.7158074587415196,0.07413262190186491,-31.282001540474738
763,1.0898985435361521,-0.20782359028050149,10.947920467306817
764,-0.43075853236138545,0.0743717982398646,-3.604511177797038
765,0.15086858357161687,0.43617720801131454,50.92799844873824
766,-1.4899062283544415,1.0705299560625048,51.19864107791562
767,1.1016734721532544,-0.576758107753436,-11.338327160389863
768,-0.8387293032290725,0.9317351829822619,53.845350428179465
769,-1.7789111026063635,0.6916634864917043,-6.4146689787195585
770,-0.14625122940355118,0.611951084504482,51.85319607401433
771,-1.844579595875561,0.654819736806446,-11.683732260367654
772,-0.3922648487947315,0.033744026296771173,-16.626994747444915
773,-0.9989198901990131,1.1615315663261427,75.37395682813923
774,-0.9218972255129881,1.7758991417946766,136.78906197599258
775,2.417321740736003,-0.8069149047826548,29.381041349947218
776,0.6419648609271252,1.2098767183232684,137.68436615759657
777,-1.3985769421773457,0.022561330393600688,-51.307154468505196
778,0.37450340999895365,2.491459881508434,260.8618071439497
779,-0.773759813801759,0.36105325680519496,-5.976433350380352
780,0.6757720751773898,1.6905837754070088,188.94666416211226
781,0.5540870971146818,0.37929309753426144,65.44820858957357
782,1.711194637940947,-0.6887950347292938,9.635044974290274
783,0.14788476087519473,-1.2137222336394398,-120.11750729753089
784,-0.6706996401729247,0.06167160670076427,-16.247872695450994
785,0.2282095944814905,1.1751630679222116,112.64314743858264
786,-0.7324723582659621,0.8231462388927984,45.79739081313217
787,1.8226602135036443,0.41639441315648934,115.1425816593947
788,-1.6081272390000767,0.8897844789559218,20.625918187373763
789,-1.1626221758999462,0.016802393390461034,-47.61244782706848
790,-0.5399846977398282,0.7549095514400335,52.78805359731727
791,1.0099343057520678,1.108137859301446,149.0863616335401
792,1.1683690085963703,-0.11750308757884668,40.744277188987226
793,1.9526827801287945,-0.7515010858550484,13.53480795839602
794,0.39711018009536936,2.726303632016807,275.3664711950181
795,-0.8042427135179062,-0.2771002609761493,-69.21119320899388
796,-1.0804480232284865,-1.7001921742005486,-206.112247621199
797,-1.9814761016583982,-0.6011336708223985,-139.12198330753372
798,0.9206078647690579,1.6069769959771394,188.73643188851239
799,0.20909363438453174,0.43145105651277965,47.223223398930806
800,-0.4613796270116813,0.05875810052088904,-17.89221256677794
801,1.560968583527526,1.6436425002945554,222.10810953870828
802,0.5941376729423067,1.2468503070405197,148.5144238640795
803,0.6073156817067561,-0.4219532612471008,-20.3216631733696
804,0.13733460763115599,0.6717894835522729,69.54062957767893
805,0.10647340449576304,-0.2906706853303552,-24.188675761384097
806,1.0594917136347854,-0.2971907810501021,19.424756281857672
807,-0.034946724984949204,1.2736902115270126,126.02464874696008
808,0.01861627222549133,-0.3297254458921361,-31.443843329829303
809,0.40445530304825417,-0.06455865033613804,7.548278740464766
810,0.8326742170315992,0.8133389637126607,105.37138979955532
811,0.1995911462352187,-0.6837813750581012,-60.720696495825294
812,-0.41735747148493585,-1.1834807534518004,-137.21630233324433
813,-1.5036999743951092,-1.1030681828082187,-166.07600282859448
814,-1.4859453904294517,-0.5625398201776572,-114.74081164377168
815,0.6782246505461685,1.065987192815717,123.97103903753225
816,1.394965002649782,-0.14022356302404212,44.19393948217309
817,0.23966404278106587,-2.020476162677337,-180.0866159877412
818,-0.8434662076627271,0.3751337873285853,-1.2440199699764989
819,1.0222126593155763,0.6445340152084829,106.8970719668769
820,1.0853790542269102,0.031575936771594634,38.68834115054694
821,1.7644561891175687,-0.7985346091312434,-7.428546171143543
822,-0.803142231897926,-0.9048222208845378,-111.68477462748768
823,-0.24669086390473144,1.6817753052737903,147.9335560269359
824,0.12563492327115505,-0.7705894147065329,-75.06306644454266
825,-0.11096507722627166,0.511873028546242,47.95697357909587
826,-0.5332946521383378,0.7203679890590856,54.618753793760476
827,1.3692574348772957,-0.00686527095555733,53.53413396347247
828,-0.9855772431992952,-0.19745307218661973,-60.65798370203741
829,1.5171433316605427,-1.096330982433112,-43.19708074743933
830,-0.02836867441860572,-0.9394550946896371,-84.80307317401764
831,-2.0430219942102115,0.44696228731465903,-32.72126295157586
832,-0.8326201230166422,1.046671651471938,77.71368956236019
833,0.9402046656891231,0.23991854133793875,54.04160416090176
834,-1.3583060545387717,-0.17098126937670902,-77.22486649908835
835,0.2366400229848719,-1.1712590990946299,-113.7929810930079
836,2.025554736575984,-0.8219052583047569,-2.964621313021733
837,-1.8109449239112854,0.06989806491614034,-71.19449735884042
838,0.4279292107077569,-0.0644097138607881,0.976112608059891
839,0.10363904477466375,0.3468366658133316,40.488774339054594
840,0.914766099003703,-1.2169458118616558,-84.27888170453004
841,-0.9603406239907925,0.3373424618337126,-4.607694768310587
842,-0.18031454326858393,-1.846644757097936,-177.85703621427984
843,0.5315485630965991,-1.1919748205218776,-84.38536292890505
844,-1.3485508392934653,-0.45686059801580886,-99.82416205576615
845,-0.345946866975904,0.1412729203096566,2.2071475045798534
846,-0.46984869181765304,2.7975373167612156,246.86392356250747
847,1.8725895778809787,1.0219552961721508,171.64903137791896
848,-2.0594785162187272,-0.7349509999611714,-155.8282669708691
849,0.9733418158328374,0.19652282943396882,62.54101776555016
850,1.8890418910486366,-1.0521939769610522,-24.46136755045018
851,0.31275870792136945,-0.4731603337050081,-27.172832772706588
852,0.19546779859732455,1.2192698058200517,124.97264033957919
853,0.5113623123504846,-0.06724448489243438,21.38156487801829
854,0.7272471831046394,0.27991150928011643,53.79588577557194
855,-0.7746934447939202,0.6904753927511073,32.388349248752746
856,1.090516754330638,1.2065374462538458,157.75824521207423
857,1.4539348700135386,1.9085163397028082,242.44146198098503
858,0.30523299998438036,-0.661387470342596,-51.05894746028843
859,-0.6404385306076549,1.8201756587350282,152.41796064758515
860,-0.342172665492609,-0.026649702106061525,-15.79819076116277
861,0.5720488078666138,-1.0608834038732546,-81.17674256935004
862,0.5268297487080126,-1.9631345249706467,-167.3108162281347
863,-0.04523583114191651,-1.1558513250943865,-115.47752669128118
864,-1.6949940893511999,2.1056138874497243,132.7772781004882
865,-0.07098509662572494,0.222083240039581,18.51947417892376
866,0.757110955162311,-0.36574924136091214,-2.666626827634689
867,-1.5448551583473198,-0.753768795235596,-128.25100081234038
868,-0.03075749184225653,-1.855900872057494,-175.14724294777744
869,-0.5919073635045699,0.6281264863368384,34.0590588288422
870,1.4602944110605223,0.570300846619487,122.5146281782322
871,0.5427870815229677,-2.472706913521808,-207.79510147704553
872,0.9625532588439191,-0.6222694380741913,-10.471373886001029
873,-0.5295426569346643,-0.3907004797959339,-56.623958618750315
874,-0.20946046439543953,-0.38331967581575427,-50.18313500771628
875,0.3654011165846769,0.11894169050665811,23.567162219930736
876,-1.3313100267775655,0.8155984717258714,24.82063426584437
877,-0.28834601605222626,0.37797632236623807,20.943603115287278
878,-0.3713103898140755,0.23303579115795361,-6.4834667392885255
879,-0.3993796540752857,-1.669491370750494,-176.87057983701305
880,-0.3228554457617327,1.4246964428401405,113.8202955575643
881,-0.5123310892133592,-0.6660388940827706,-81.84250373969674
882,2.0922702069406696,-0.26358043464267544,60.66278284720458
883,-0.10953253899326088,-0.26462355403394905,-26.060492605825985
884,1.8508904193881643,-0.34728224448232314,47.77622380894428
885,-0.4255162330681357,-0.6043823465134904,-70.19550624390092
886,-1.0000240720578053,-0.48050873462015403,-86.44641206135123
887,1.8417020744858674,0.5467405294554744,129.30095029452923
888,0.4396635251528318,-0.39527070961693894,-22.84244000360043
889,-1.3707907311120702,1.1258483373172006,48.57707963903656
890,0.5914009054699177,0.15357416152333395,41.225167833186106
891,-0.04521597467335063,0.17894282455867233,21.059499653116774
892,1.2714644802411132,-1.5384148835005653,-95.472166035391
893,2.360861158993897,0.9596176014969444,185.69120756338387
894,1.2659545353462014,-1.0571947751240214,-49.24172662457854
895,-0.6680977829386164,0.2745550832941993,-10.978419791289964
896,-0.7480790854314437,0.5199541617713043,20.268861079603674
897,-0.6636681912228787,0.1403972272535161,-19.556830645694212
898,-0.5853887140971766,0.5253403918140386,36.11869389266472
899,1.4989373299731714,0.7977997566014653,134.4581545488353
900,-0.29453519925099625,-0.29875220011930237,-42.311863086600844
901,0.767651275952171,-0.7315362750837877,-36.44344178683394
902,-0.8600702907490622,-0.04968976419648528,-34.76141988960391
903,0.30781102666168825,-0.23168415489850505,-9.455506229085461
904,0.4792012082684729,0.7858488078850647,102.52967339538462
905,2.2303551043314935,0.1834587426027939,100.7959040688485
906,-0.5907653194613945,-0.7274442250471187,-96.60129757920677
907,-1.5800815677493893,-0.4620879584873542,-109.88613811615289
908,-2.310489079027466,-0.4132821218805881,-137.3017194121696
909,0.00044484114912378853,-1.295911554115611,-140.17081169067717
910,-0.5947615996351036,-1.1572006746679877,-133.99872262591273
911,-0.2944387083397522,0.46813783751836696,34.80830069325032
912,-0.996532811409818,0.5162580153045309,4.3908296582128346
913,-0.19123629711545717,-0.6027202706242036,-58.295465870201554
914,-1.13620726656526,0.49621233168388407,2.756963051693732
915,-1.3880310477705098,0.09715622394880671,-41.55453546523371
916,0.73620439547221,-0.2813875589926521,1.20956443176474
917,0.5781380914347157,-0.6705507059757508,-39.3234371632194
918,0.052640914323334356,-1.7265776801406654,-166.89841156211787
919,1.5024172379756173,-0.4930943055360218,14.575748100600975
920,1.3222478940804763,1.176528021857969,164.00446027561347
921,0.028998038698459867,-0.4483103691662779,-39.40892860184702
922,0.5177927389649387,1.1496688135899518,121.5257166320974
923,-1.73683198909246,-1.1425482230258095,-176.96071645866476
924,-2.2870022479203502,1.0674264413077126,-0.3450340449955114
925,1.2987259227226229,-0.4027535045108196,15.15649043862717
926,0.12294918653813627,0.6511982174386421,71.06772997550352
927,-2.588819964890018,-0.46169535130639994,-155.5586240898888
928,-0.39160769739116313,-0.11921358095101574,-23.475974547363634
929,-0.7001506305381198,-0.19635569350024376,-44.20536663980945
930,0.15857754228362517,-0.19569208073370054,-8.023771619934287
931,-1.0453191969683584,1.7767749472227814,125.33565782513082
932,-0.9377400684809557,-0.5180808058618116,-95.16230734540527
933,-2.6255571784045366,-0.09161197517676768,-116.39151367374562
934,0.3459410979472681,-1.7474499625194713,-159.12934093360187
935,0.4917237882251197,-0.8549232009525943,-52.44094040674814
936,-0.2634821795374888,-1.2639111084141088,-124.55605000404397
937,-0.7209355660565944,-0.4932369076879359,-85.79172963314335
938,1.1970288779682352,-0.7905495204878867,-32.12625791940023
939,-0.7621973925848995,-0.6910176415675459,-101.29114867492534
940,0.8820582505966734,0.8796129176120582,113.66579075587418
941,-1.0763299636167496,0.5426253683274506,8.545412454267256
942,-1.1066547576718384,-1.7324856775923854,-206.39540544119814
943,0.42970569727751295,-1.1859682004620824,-99.9498338986294
944,1.1095860009969611,0.8513036610784236,124.03246826429677
945,2.8090967904650785,-1.418374330516886,-18.215798111575108
946,1.4571955504989624,0.13250969146131805,71.02980144679725
947,-0.035430600626000355,1.3177059215932647,131.6086786601587
948,0.9395940875107555,0.3161908288209764,68.63101924918006
949,1.2789448311358107,-1.1767894898175533,-57.01290730620099
950,2.495253490181227,-1.3968258002230232,-28.770077963336384
951,-0.022561498108475547,-1.6423371496713166,-161.92270701844896
952,-0.015711281434355653,0.19702893333696378,25.274248472400416
953,0.6700673921791669,0.31745964155952905,61.204946991254836
954,-0.24898392212500228,-1.5472781064756729,-154.0510889535212
955,-1.0521747558182266,1.413016048857385,91.84120396006375
956,-0.2989533301864763,2.4445700105721757,219.05359407911325
957,-0.2297061619432978,0.4381851593211647,37.929871172542846
958,2.242092115346355,-0.1964354746177462,79.75339946053913
959,-0.6757790716735371,-0.8165705731234337,-102.77501764450109
960,0.5408317359342293,-0.7728256271682556,-55.2141271470358
961,-0.3780360904989457,-0.9270422806065342,-91.42197006332046
962,-1.1774396973317696,-0.253052039407802,-78.18733894473506
963,-1.0251870862882384,1.6026867721683207,110.66235124781609
964,-0.24627734758312586,0.333564331897395,33.60896235105425
965,-2.184906466284899,-1.0176788163555155,-183.60536159696406
966,0.9698080981193944,0.4179044648590969,84.75421874626392
967,0.3015816711542662,-0.7350788975189039,-56.13861411353637
968,2.3288807248821515,-2.1022207931224375,-98.92005270663286
969,-0.7260054677486499,2.428518798050844,207.33642123509455
970,-0.9234009552579808,0.4698549403162881,3.3041789503108063
971,-0.8723311085292468,1.175193821501941,80.45935588718568
972,1.6835677315380284,-0.21264471246214758,42.14489750926822
973,1.7727556757232017,2.587227675565162,317.07002215791414
974,-0.9086855194849373,-1.250007978891183,-152.88541505987874
975,-0.22999289980082446,-1.3713757199146221,-141.439745890863
976,0.3365667582131966,0.11824875445755036,41.35681634280829
977,-0.02249288478103975,-2.0696253263418805,-207.4676573629784
978,0.2850466295177233,1.0708140057021862,119.24931817307278
979,0.07569335804665758,-0.5426686710413366,-57.81562036713115
980,0.009646083715294481,-1.414451692695543,-136.6562992733138
981,1.3208477475163594,-1.055193429336159,-51.89295879997727
982,1.0244076544961962,-1.7004174681070838,-122.34278888112806
983,-0.3635652575651372,-1.2096892222479656,-124.79340900145402
984,-0.7421569337265249,-0.42456002890232863,-67.16041235558332
985,-0.44381316875199883,1.2411779056351289,106.36054476432496
986,-0.6367284416284826,-1.891226320715954,-216.9684658413277
987,-0.11147457801447021,2.1049612906318287,195.46728170083796
988,0.46960619727929886,-0.6752539379434949,-48.97731180784005
989,-1.1167948116006603,0.0024249946491680797,-49.06249731613223
990,-0.8688117604903708,0.4285039199578794,6.67782729720594
991,-0.38943518928998383,-0.010711512020982566,-19.115475572190235
992,0.37352004180981935,-0.2218902816959953,-11.395586016930006
993,-0.8639060611557775,-0.5725685403522298,-98.01599574484256
994,-0.1948987027470227,0.04104309227554756,-7.209122824965551
995,-0.4382255071931562,0.5710932506682906,39.65504093091306
996,0.9551713630114439,-2.1833960743689427,-168.3533367533641
997,-0.3991622851561376,-1.4564251912298758,-155.55160302969207
998,-0.3349720323762927,-0.0036633240231629294,-9.77929255291936
999,-0.4610492748842976,0.3268906956255838,14.305993199108434
